URL,Status,Current traffic,Current top keyword,Current top keyword: Country,Page type
https://www.reddit.com/r/sportsbetting/comments/1ot0fgl/sickening/,Active,303,arb,United States,Reddit thread
https://www.reddit.com/r/arbitragebetting/comments/1pyzbvr/ended_the_year_up_360k_live_arbitrage_betting/,Active,76,+ev,United States,Reddit thread
https://www.reddit.com/r/arbitragebetting/comments/1o6mv1a/ama_this_nba_season_will_be_my_4th_year_as_a_full/,Active,45,arb,United States,Reddit thread
https://www.reddit.com/r/algobetting/comments/1p72c9i/using_polymarket_as_an_oracle_to_find_ev_bets/,Active,41,+ev,United States,Reddit thread
https://www.reddit.com/r/algobetting/comments/1r2hqhh/ive_been_betting_as_my_only_source_of_income_for/,Active,40,clv,United States,Reddit thread
https://www.reddit.com/r/arbitragebetting/comments/1klrb4h/live_arbitrage_tutorial/,Active,38,arb,United States,Reddit thread
https://www.reddit.com/r/algobetting/comments/1oqxgk6/i_tracked_my_limits_across_12_sportsbooks_here/,Active,38,+ev,United States,Reddit thread
https://www.reddit.com/r/arbitragebetting/comments/1rmda2f/in_2026_i_started_live_arbitrage_betting_in/,Active,37,arb,United States,Reddit thread
https://www.reddit.com/r/algobetting/comments/1ozd0dm/why_following_pinnacle_is_easier_than_building/,Active,35,novig,United States,Reddit thread
https://www.reddit.com/r/arbitragebetting/comments/1kyufkk/i_built_a_free_arbitrage_tool/,Active,34,oddsjam,United States,Reddit thread
https://www.reddit.com/r/arbitragebetting/comments/1pjddws/is_it_even_worth_it_anymore/,Active,31,arb,United States,Reddit thread
https://www.reddit.com/r/arbitragebetting/comments/1renglj/if_your_edge_is_12_pricing_is_everything/,Active,30,+ev,United States,Reddit thread
https://www.reddit.com/r/arbitragebetting/comments/1ok85x2/this_is_my_4th_season_arb_betting_making_6/,Active,30,arb,United States,Reddit thread
https://www.reddit.com/r/algobetting/comments/1scvcii/built_a_dropin_replacement_for_theoddsapi_with/,Active,30,clv,United States,Reddit thread
https://www.reddit.com/r/arbitragebetting/comments/1s3uqx2/honest_review_of_every_betting_tool_ive_tried_in/,Active,29,oddsjam,United States,Reddit thread
https://www.reddit.com/r/arbitragebetting/comments/1pprdpq/arbing_is_not_dead/,Active,29,arb,United States,Reddit thread
https://www.reddit.com/r/arbitragebetting/comments/1m0jefp/i_built_an_arb_bot_for_myself_been_quietly/,Active,27,arb,United States,Reddit thread
https://www.reddit.com/r/algobetting/comments/1p166dv/ranking_sharp_by_sport_is_tricky/,Active,26,novig,United States,Reddit thread
https://www.reddit.com/r/arbitragebetting/comments/1q3y83m/genuinely_my_most_important_piece_of_arbing/,Active,25,arb,United States,Reddit thread
https://www.reddit.com/r/arbitragebetting/comments/1osb581/i_made_a_free_arbitrage_and_ev_website/,Active,24,+ev,United States,Reddit thread
https://www.reddit.com/r/algobetting/comments/1rsftm6/deterministic_nba_props_spreads_overunder/,Active,24,+ev,United States,Reddit thread
https://www.reddit.com/r/EVbetting/comments/1rjywbl/is_reduced_juice_the_easiest_longterm_ev_boost/,Active,23,clv,United States,Reddit thread
https://www.reddit.com/r/arbitragebetting/comments/1qcxn17/does_anyone_else_hate_manually_logging_arbs_i/,Active,22,ev betting,United States,Reddit thread
https://www.reddit.com/r/arbitragebetting/comments/1q5slbf/whats_the_most_obscure_sport_youve_ever_made/,Active,22,line shopping,United States,Reddit thread
https://www.reddit.com/r/arbitragebetting/comments/1sibgaa/im_building_an_airbnbstyle_marketplace_for/,Active,22,arb,United States,Reddit thread
https://www.reddit.com/r/arbitragebetting/comments/1odjwvd/i_made_675_live_arbing_last_night_on_a_slow_night/,Active,22,arb,United States,Reddit thread
https://www.reddit.com/r/algobetting/comments/1pkv6td/whats_the_biggest_adjustment_you_made_that/,Active,22,novig,United States,Reddit thread
https://www.reddit.com/r/algobetting/comments/1rla88e/i_spend_about_15kmonth_on_my_odds_infrastructure/,Active,22,+ev,United States,Reddit thread
https://www.reddit.com/r/EVbetting/comments/1ohld7k/is_it_possible_to_automate_your_ev_betting_system/,Active,21,ev betting,United States,Reddit thread
https://www.reddit.com/r/arbitragebetting/comments/1nqckj8/anyone_know_why_bet105s_odds_for_the_seahawks/,Active,21,oddsjam,United States,Reddit thread
https://www.reddit.com/r/arbitragebetting/comments/1qvtknn/anyone_adding_newer_books_to_their_arb_rotation/,Active,20,+ev,United States,Reddit thread
https://www.reddit.com/r/SportsBettingPicks/comments/1ozms2v/lets_talk_underrated_tools_for_smarter_bets/,Active,20,line shopping,United States,Reddit thread
https://www.reddit.com/r/arbitragebetting/comments/1r98kzm/best_prediction_markets_for_march_madness_betting/,Active,19,line shopping,United States,Reddit thread
https://www.reddit.com/r/arbitragebetting/comments/1o9am0c/decision_making_while_live_arbing_how_to_pick_arbs/,Active,19,arb,United States,Reddit thread
https://www.reddit.com/r/arbitragebetting/comments/1ocffa1/arbitrage_betting_the_closest_thing_to_a_sure_bet/,Active,19,arb,United States,Reddit thread
https://www.reddit.com/r/arbitragebetting/comments/1op798l/how_to_avoid_getting_limited_my_strategy_after_3/,Active,19,arb,United States,Reddit thread
https://www.reddit.com/r/algobetting/comments/1s66qzz/554_live_football_picks_how_i_ditched_ai_and/,Active,19,positive ev,United States,Reddit thread
https://www.reddit.com/r/algobetting/comments/1khaykf/anyone_else_modeling_corners_i_built_one_for/,Active,19,expected value,United States,Reddit thread
https://www.reddit.com/r/algobetting/comments/1pz8ipl/odds_api_recommendations/,Active,19,+ev,United States,Reddit thread
https://www.reddit.com/r/algobetting/comments/1o96f0c/thinking_about_arbing_bet105bovada_any_issues_i/,Active,18,oddsjam,United States,Reddit thread
https://www.reddit.com/r/algobetting/comments/1rijhsy/looking_for_serious_sportsbetting_quant/,Active,18,+ev,United States,Reddit thread
https://www.reddit.com/r/arbitragebetting/comments/1q7fpgb/where_are_people_getting_fair_nhl_lines_this/,Active,17,line shopping,United States,Reddit thread
https://www.reddit.com/r/arbitragebetting/comments/1o8b1e0/beginners_guide_to_kalshibet105_arbitrage/,Active,17,arb,United States,Reddit thread
https://www.reddit.com/r/algobetting/comments/1ovzl3w/what_actually_makes_a_sharp_book/,Active,17,novig,United States,Reddit thread
https://www.reddit.com/r/arbitragebetting/comments/1lhg58r/truth_about_oddsjam_reupload_with_proofs/,Active,16,oddsjam,United States,Reddit thread
https://www.reddit.com/r/algobetting/comments/1p0eyg5/market_hold_what_it_is_and_how_to_estimate_it/,Active,16,novig,United States,Reddit thread
https://www.reddit.com/r/algobetting/comments/1ohf0wp/insane_world_series_pricing_on_bet105_tonight_vs/,Active,16,oddsjam,United States,Reddit thread
https://www.reddit.com/r/algobetting/comments/1qmryta/i_created_my_own_arb_bot_with_0_coding_experience/,Active,16,oddsjam,United States,Reddit thread
https://www.reddit.com/r/algobetting/comments/1rqdhz1/where_do_i_go_from_here_tennis_betting_model/,Active,16,clv,United States,Reddit thread
https://www.reddit.com/r/algobetting/comments/1otggtj/we_built_a_tradingview_terminal_for_sports_betting/,Active,16,clv,United States,Reddit thread
https://www.reddit.com/r/arbitragebetting/comments/1rfknor/over_1000_bets_how_much_does_a_5_cent_line/,Active,15,arb,United States,Reddit thread
https://www.reddit.com/r/arbitragebetting/comments/1po7abv/eu_arbers_using_us_facing_reduced_vig_books/,Active,15,arb,United States,Reddit thread
https://www.reddit.com/r/algobetting/comments/1nl9xjx/i_have_a_huge_hourly_lines_dataset_1tb_on_dfs/,Active,15,oddsjam,United States,Reddit thread
https://www.reddit.com/r/algobetting/comments/1r0vbxp/made_a_free_odds_comparison_site_what_actually/,Active,15,arb,United States,Reddit thread
https://www.reddit.com/r/EVbetting/comments/1pmv21m/best_ev_tool/,Active,14,ev betting,United States,Reddit thread
https://www.reddit.com/r/arbitragebetting/comments/1otjfwq/a_guide_to_arbitrage_betting_in_college_basketball/,Active,14,arb,United States,Reddit thread
https://www.reddit.com/r/EVbetting/comments/1pp2dyd/odds_vs_bonuses_what_actually_matters_longterm/,Active,13,novig,United States,Reddit thread
https://www.reddit.com/r/EVbetting/comments/1olui6h/finally_hit_a_big_one_ev_betting_is_the_way/,Active,13,+ev,United States,Reddit thread
https://www.reddit.com/r/EVbetting/comments/1ok05sv/any_free_ev_tools/,Active,13,+ev,United States,Reddit thread
https://www.reddit.com/r/arbitragebetting/comments/1p8a95l/anyone_using_oddsjam_with_crypto_books_whats_your/,Active,13,oddsjam,United States,Reddit thread
https://www.reddit.com/r/EVbetting/comments/1r6kcor/thursday_nfl_boards_are_sneaky_good_for_ev/,Active,12,clv,United States,Reddit thread
https://www.reddit.com/r/EVbetting/comments/1ow1t16/how_do_you_guys_devig_efficiently_these_days/,Active,12,novig,United States,Reddit thread
https://www.reddit.com/r/EVbetting/comments/1qxl5q2/how_much_do_fees_actually_matter_to_ev_long_term/,Active,12,arb,United States,Reddit thread
https://www.reddit.com/r/EVbetting/comments/1pe4zcy/new_sweepstakes_promo/,Active,12,oddsjam,United States,Reddit thread
https://www.reddit.com/r/algobetting/comments/1kauz8v/vibe_coding_a_betting_bot/,Active,12,+ev,United States,Reddit thread
https://www.reddit.com/r/SportsBettingPicks/comments/1reek7m/how_exactly_does_novig_cash_work/,Active,12,novig,United States,Reddit thread
https://www.reddit.com/r/SportsBettingPicks/comments/1qph08l/did_you_peep_the_special_markets/,Active,12,novig,United States,Reddit thread
https://www.reddit.com/r/EVbetting/comments/1qut34c/is_there_actually_ev_on_the_super_bowl_anymore/,Active,11,arb,United States,Reddit thread
https://www.reddit.com/r/EVbetting/comments/1nhntx8/having_trouble_staying_consistent_with_my_process/,Active,11,+ev,United States,Reddit thread
https://www.reddit.com/r/EVbetting/comments/1qel9so/ev_betting_software/,Active,10,+ev,United States,Reddit thread
https://www.reddit.com/r/EVbetting/comments/1pjalex/build_backtest_models_w_oddize/,Active,10,oddsjam,United States,Reddit thread
https://www.reddit.com/r/EVbetting/comments/1qeer4z/what_made_you_switch_from_regular_betting_to/,Active,10,+ev,United States,Reddit thread
https://www.reddit.com/r/EVbetting/comments/1qi4i3u/are_parlay_boosts_actually_worth_it_or_just_bait/,Active,10,+ev,United States,Reddit thread
https://www.reddit.com/r/EVbetting/comments/1qqaz3q/how_do_different_gambling_ecosystems_treat/,Active,10,+ev,United States,Reddit thread
https://www.reddit.com/r/EVbetting/comments/1ocdh23/how_do_you_automate_your_process/,Active,10,positive ev,United States,Reddit thread
https://www.reddit.com/r/EVbetting/comments/1nq6q91/any_tips_for_someone_getting_into_ev_betting/,Active,10,ev betting,United States,Reddit thread
https://www.reddit.com/r/EVbetting/comments/1rp3i3i/anyone_here_actually_track_ev_vs_results_over_a/,Active,10,clv,United States,Reddit thread
https://www.reddit.com/r/EVbetting/comments/1oiie4z/seeing_some_value_in_eu_soccer/,Active,10,+ev,United States,Reddit thread
https://www.reddit.com/r/EVbetting/comments/1nr2th0/need_some_fresh_ideas_for_ev_betting/,Active,10,ev betting,United States,Reddit thread
https://www.reddit.com/r/algobetting/comments/1riz1as/anyone_here_doing_prediction_market_arbitrage/,Active,10,arb,United States,Reddit thread
https://www.reddit.com/r/algobetting/comments/1quh8lo/is_it_to_risky_to_keep_betting_10_arbitrage/,Active,10,arb,United States,Reddit thread
https://www.reddit.com/r/EVbetting/comments/1rct29d/if_you_care_about_ev_why_are_you_still_laying_115/,Active,9,expected value,United States,Reddit thread
https://www.reddit.com/r/EVbetting/comments/1odbwp8/unlocking_hidden_profits_a_look_at_potential_nba/,Active,8,arb,United States,Reddit thread
https://www.reddit.com/r/EVbetting/comments/1ok9e58/having_a_hard_time_finding_ev_on_nfl/,Active,8,+ev,United States,Reddit thread
https://www.reddit.com/r/EVbetting/comments/1nw71o5/nba_ev_spots_have_been_tougher_to_hold_this_year/,Active,8,closing line value,United States,Reddit thread
https://www.reddit.com/r/algobetting/comments/1n38dn3/anyone_blending_algo_models_with_promo_based_plays/,Active,8,positive ev,United States,Reddit thread
https://www.reddit.com/r/EVbetting/comments/1obtfge/bet105_on_pikkit/,Active,7,pikkit,United States,Reddit thread
https://www.reddit.com/r/EVbetting/comments/1ndk162/how_do_you_balance_volume_vs_selectivity_with_ev/,Active,7,+ev,United States,Reddit thread
https://www.reddit.com/r/EVbetting/comments/1mt24ch/looking_for_sports_betting_accounts_or_big_bettors/,Active,6,+ev,United States,Reddit thread
https://www.reddit.com/r/EVbetting/comments/1pn6mn4/is_pinnacle_actually_the_sharpest_book_or_just/,Active,5,+ev,United States,Reddit thread
